<addon id="plugin.video.Kodixtreme" name="Kodixtreme Wizard" provider-name="xtreme" version="1.0.0">
    <requires>
        <import addon="xbmc.python" version="3.0.0" />
        <import addon="script.module.xbmcswift2" version="19.0.6" />
    </requires>
    <extension library="addon.py" point="xbmc.python.pluginsource">
        <provides>video</provides>
    </extension>
    <extension point="xbmc.addon.metadata">
        <platform>all</platform>
        <license>GPL-2.0-only</license>
        <assets>
            <icon>resources/art/icon.png</icon>
            <fanart>resources/art/fanart.jpg</fanart>
        </assets>
        <summary lang="de_DE">Wizard um Bleekk Builds zu installieren</summary>
        <summary lang="en_GB">Wizard to install Bleekk Builds</summary>
        <summary lang="en_US">Wizard to install Bleekk Builds</summary>
    </extension>
</addon>